id,y
14456,0
36381,0
40077,0
10779,0
27940,0
37547,0
27311,0
8378,0
40139,1
20149,0
37960,0
16214,0
28764,0
24078,0
7335,0
7325,0
39199,1
7691,0
8047,0
38885,1
6011,0
40451,1
7181,0
13774,0
28140,0
2062,0
5756,0
33234,0
24190,0
35904,0
24170,0
11581,0
2522,0
33404,0
1265,0
5683,0
1326,0
21895,0
23921,0
26260,0
16679,0
13398,0
10225,0
20510,0
8506,0
5447,0
9856,0
3924,0
24698,0
7064,0
7410,0
4363,0
659,0
9249,0
25233,0
33340,0
8714,0
1433,0
6978,0
5194,0
16162,0
5260,0
4485,0
25803,0
33438,0
18210,0
39308,1
13229,0
3115,0
19396,0
23904,0
23550,0
3238,0
26684,0
11976,0
19121,0
30881,0
35852,0
28009,0
7876,0
41120,1
29879,0
40398,0
6544,0
37279,0
22513,0
30089,0
40671,1
16327,0
10327,0
28130,0
31147,0
33487,0
32013,0
9828,0
16164,0
28807,0
38011,1
26934,0
17324,0
39984,1
18044,0
20488,0
25438,0
37583,0
269,0
24325,0
14825,0
24215,0
129,0
32068,0
2967,0
30196,0
5730,0
17503,0
1941,0
2680,0
25882,0
17665,0
30308,1
7205,0
35073,1
23092,0
18683,0
1571,0
447,0
16557,0
38432,1
34438,0
6387,0
161,0
17289,0
27351,0
21945,0
17309,0
5561,0
13835,0
4899,0
34688,0
14655,0
36999,0
25646,0
23455,0
4255,0
13629,0
7369,0
4623,0
11501,0
14631,0
34921,0
40955,1
1599,0
1563,0
976,0
40041,1
3883,0
22512,0
1091,0
10676,0
17160,0
10233,0
36849,0
37931,1
41113,0
7803,0
27436,0
22393,0
26626,0
4605,0
14887,0
41072,1
16687,0
28701,0
30483,0
1127,0
31221,0
28186,0
18612,0
9851,0
31347,0
36460,0
10943,0
25355,0
6168,0
40084,1
9824,0
13510,0
9372,0
25031,0
6904,0
22164,0
8121,0
32032,0
21425,0
15256,0
35588,0
290,0
33135,0
26623,0
19512,0
28515,0
13907,0
17071,0
24494,0
3426,0
15568,0
20904,0
31758,0
13379,0
5396,0
4895,0
18227,0
12393,0
8712,0
31192,0
13819,0
39573,0
628,0
24431,0
25266,0
38448,1
25379,0
24543,0
13687,0
12325,0
14991,0
19115,0
37630,0
34400,0
24137,0
21560,0
39744,0
1797,0
8101,0
9053,1
16156,0
10617,0
22739,0
6264,0
18222,0
16433,0
11869,0
39426,0
38070,0
2580,0
33821,0
21530,0
26811,0
4099,0
25711,0
3571,0
34358,0
31067,0
28499,0
26761,0
5595,0
22092,0
36868,0
10302,0
5095,0
12437,0
20297,1
37919,1
6925,0
25229,0
18544,0
38903,0
5045,0
24745,0
5770,0
22269,0
6608,0
12840,0
16758,0
2748,0
17546,0
9908,1
6131,0
14414,0
37517,0
32588,0
9548,0
23993,0
16915,0
24907,0
37903,0
19234,0
30698,0
33403,0
34226,0
36757,0
27504,0
2123,0
28726,0
31922,0
37742,0
22630,0
9355,0
19433,0
34545,0
17993,0
40117,1
17697,0
9432,0
24822,0
11108,0
17982,0
21298,0
32328,0
7578,0
22105,0
38453,1
5789,0
18396,1
16097,0
20880,0
16286,0
8065,0
31308,0
28878,0
13739,0
7184,0
11508,0
14197,0
20576,0
29080,0
25473,0
5176,0
7380,0
34888,1
5296,0
8999,0
36615,0
38809,0
21736,0
39610,0
21829,0
38782,1
21831,0
3126,0
23800,0
19505,0
28002,0
14000,0
5206,0
26309,0
32151,0
25146,0
2265,0
30235,1
11213,0
16167,0
5020,0
11085,0
702,0
5842,0
27944,1
22301,0
29721,0
12687,0
10042,0
27286,0
21110,0
6789,0
8421,0
22866,0
3385,0
19241,0
12559,0
35321,0
6484,0
10114,0
6026,0
34143,0
24577,0
25026,0
1942,0
508,0
18553,0
15012,0
20099,0
29176,0
33440,0
36487,0
38968,1
39334,0
13801,0
6346,0
34810,0
13138,1
7211,0
4040,0
15179,0
30574,1
18240,0
2843,0
29101,0
30448,0
37143,1
24962,0
29873,0
2789,0
28243,0
7604,0
14960,0
19182,0
12304,0
2139,0
25190,0
15285,0
3429,0
23603,0
30028,0
8845,0
20539,0
39633,0
8489,0
23537,0
10529,0
30573,1
6315,0
924,0
35152,0
11791,1
38646,0
24742,0
6565,0
36264,0
40687,1
36528,0
570,0
34337,0
19888,0
13571,0
30827,0
6048,0
29322,0
34724,0
25426,0
31083,0
28496,0
40134,0
32435,0
7219,0
37689,0
29281,0
20771,0
121,0
23753,0
28232,0
13517,0
15109,0
5636,0
8437,0
31093,0
18696,0
4960,0
14351,0
16517,0
6856,0
37608,0
20698,0
32942,0
7524,0
2206,0
12650,0
14398,0
35112,0
2302,0
37136,0
36552,0
37297,0
34194,0
14914,0
39051,0
22648,0
26409,0
3914,0
31310,0
24752,0
14425,0
17267,0
8265,0
623,0
36595,0
31562,0
2707,0
14800,0
23769,0
24142,0
8362,0
3207,0
28697,0
11411,0
2172,0
25292,0
40038,0
10347,0
14986,0
6100,0
4851,0
39260,1
22743,0
11648,0
32021,0
32960,0
25257,0
23625,0
38988,1
40045,1
32917,0
7491,0
32108,0
24252,0
24997,0
8374,0
33631,0
20529,0
36935,0
5932,0
26253,0
39738,0
10703,0
27341,0
13348,0
38729,0
4814,0
37304,0
2500,0
4321,0
16603,0
24900,0
27448,0
5509,0
1397,0
5757,0
7003,0
6989,0
36354,1
30653,1
18165,0
17262,0
28215,0
24977,0
35080,0
11395,0
36068,0
41092,0
37707,0
5230,0
13630,0
6666,0
22080,0
13688,0
24934,0
31527,0
25807,0
18111,0
33034,0
5918,0
26426,0
919,0
4761,0
10103,0
5168,0
16011,0
24484,0
4758,0
36325,0
25261,0
11392,0
18325,0
38287,0
23248,0
37853,0
18097,0
38870,0
930,0
10817,0
7542,0
7208,0
21787,0
22703,0
25344,0
5188,0
14045,0
1577,0
21247,0
18986,0
40397,0
39331,0
26156,0
8130,0
26380,0
24869,0
1116,0
21041,0
9387,0
7414,0
35554,0
5035,0
15062,0
1173,0
26980,0
14637,0
2686,0
24818,0
21624,0
28641,0
35966,0
35812,0
34920,0
6790,0
24952,0
37157,1
11061,0
1756,0
38761,0
12306,0
9677,0
7618,0
35907,0
18911,0
20142,0
686,0
20136,0
29702,0
4876,0
988,0
40319,1
14787,0
19060,0
34780,0
22272,0
36543,1
18794,0
11822,0
27541,0
28774,0
34597,0
13798,0
18380,0
38715,0
27827,0
20809,0
21437,0
144,0
3496,0
4768,0
39380,0
34832,0
14211,0
34844,0
17280,0
39958,1
13403,0
22753,0
20825,0
7616,0
33515,0
24810,0
6768,0
3731,0
39720,1
33954,0
7682,0
32340,0
14995,0
27785,0
14281,0
8631,0
26521,0
29605,0
18297,0
4792,0
22012,0
6974,0
8119,0
35553,0
6844,0
14397,0
8860,0
16927,0
4273,0
35371,0
10593,0
7082,0
26787,0
35048,0
35325,0
35514,0
39440,0
5666,0
10159,1
25280,0
9377,0
2542,0
5991,0
149,0
37057,0
3307,0
35089,0
7210,0
34497,0
15506,0
6279,0
27130,0
9446,0
35717,0
22167,0
7960,0
13435,0
29199,0
30068,0
23853,0
14154,1
32467,0
9211,0
22633,0
37150,0
26154,0
17466,0
23694,0
35301,0
25893,0
3082,0
1196,0
9210,0
36839,0
22700,0
14267,0
2597,0
15704,0
27732,1
40743,1
36185,0
21583,0
20011,0
22655,0
24426,0
33212,0
16095,0
1094,0
34959,0
32180,0
37050,1
34951,0
18673,0
6161,0
21072,0
34542,0
32505,1
34332,0
17938,0
21690,0
2024,0
9517,0
40864,0
17444,0
6427,0
24375,0
13723,0
35475,0
12634,0
26789,0
13806,0
18395,0
36282,0
10008,0
19125,0
39172,1
20360,0
23511,0
23114,0
13497,0
9997,0
21319,0
10199,0
18010,0
10292,0
8213,0
10741,0
38112,1
30237,0
3306,0
2833,0
29309,0
24686,0
28119,0
27070,0
24238,0
4148,0
27316,0
35253,0
33863,0
11417,0
15791,0
39504,0
34511,0
22855,0
39224,1
12693,1
3959,0
23532,0
11487,0
14630,0
32836,0
33514,0
15041,0
12623,0
32122,0
21715,0
4174,0
11034,0
29121,0
26038,0
8715,0
22159,0
34372,0
22755,0
34868,0
4158,0
3510,0
20268,0
15354,0
20038,0
40360,1
38737,1
38157,0
4257,0
16684,0
6888,0
39735,0
22800,0
5987,0
30138,0
39612,1
26567,0
29449,0
29127,0
30583,0
14530,0
26556,0
23590,0
39439,1
13665,0
19,0
4717,0
1524,0
18824,0
40359,1
20734,1
10,0
1156,0
7041,0
19304,0
21812,0
4676,0
30564,0
18262,0
26187,0
16617,0
35685,0
38732,0
16043,0
1295,0
921,0
7603,0
33351,0
13253,0
2311,0
33472,0
38155,1
38165,0
30069,0
36758,0
12300,0
14881,0
37759,1
13313,0
38460,0
4308,0
373,0
520,0
30091,0
37151,0
19315,0
9995,0
25781,0
36876,0
11876,0
788,0
25001,0
3067,0
29102,0
29225,0
18103,0
31284,0
24761,0
328,0
22830,0
35421,0
8348,0
7336,0
38424,1
10597,0
33320,0
4396,0
21907,0
36930,0
28452,1
36765,0
1352,0
36378,0
39854,1
23544,0
41093,1
39131,0
21678,0
14829,0
5091,0
28753,0
1079,0
37588,0
13731,0
13592,0
39555,1
10747,0
4464,0
34553,0
11003,0
23545,0
24571,0
14156,0
6977,0
5643,0
19112,0
4910,0
30052,0
29496,0
2228,0
39844,1
19616,0
38074,0
4951,0
40528,0
31313,0
35268,0
10091,0
5077,0
9069,0
29976,0
2903,0
4295,0
14930,0
6520,0
27101,0
1798,0
10027,0
17426,0
1670,0
1167,0
26994,0
15173,0
21286,1
11676,0
11875,0
25131,0
20541,0
28158,0
37160,0
30904,0
2693,0
18588,0
32047,0
1497,0
801,0
10535,0
15628,0
14921,0
10638,0
17403,0
2701,0
5870,0
23747,0
31293,0
19317,0
4553,0
31542,0
25542,0
7799,0
26457,0
34487,0
30315,1
27831,0
37109,0
20441,0
35920,0
38222,0
20625,0
8869,0
23459,0
40731,1
16597,0
37801,1
9327,0
32688,0
30808,0
28511,0
40858,0
19597,0
32167,0
7716,0
37058,0
38264,0
33083,0
20317,0
76,0
5107,0
19103,0
29439,0
11604,0
38852,0
6562,0
13849,0
8682,0
824,0
13142,0
26840,0
2455,0
11580,0
34394,0
34180,0
25590,0
10955,0
24670,0
11457,0
10207,0
11369,0
30336,0
2001,0
36019,0
12009,0
5688,0
34397,0
37599,0
16749,0
16456,0
15852,0
21233,0
1689,0
37788,0
31831,0
40714,1
28995,0
6732,0
9256,0
8431,0
2857,0
4753,0
35820,0
29008,0
5266,0
2478,0
27298,0
12322,0
24976,0
21353,0
11123,0
17520,0
34197,1
18400,0
21949,0
913,0
37793,0
18263,0
9613,0
14099,0
37123,0
26220,0
8976,0
37009,0
17094,0
37997,1
25520,0
6788,0
14993,0
23344,0
16787,0
30930,0
18308,0
30303,0
11062,0
38275,0
8820,0
9822,0
7173,0
13920,0
19416,0
31414,0
23845,0
2004,0
34112,0
32034,0
17204,0
32901,0
24582,0
16531,0
746,0
23740,0
17780,0
799,0
2115,0
21045,0
14588,0
24785,0
35445,0
20932,0
30628,1
23334,0
37195,0
17399,0
21754,0
15159,0
7480,0
26428,0
40124,1
11854,0
18153,0
20941,0
19108,0
13145,0
30561,0
27415,0
36991,0
40741,0
30587,0
2150,0
6593,0
19494,0
19139,0
14479,0
29948,0
27086,0
19643,0
571,0
30988,0
12013,0
29553,0
35872,0
9571,0
8477,0
7166,0
18573,0
27364,0
21335,0
24639,0
4999,0
29341,0
25939,0
9877,0
8617,0
21398,0
34731,0
10421,0
204,0
17281,0
13262,0
26329,0
24071,0
28495,0
11541,0
19146,0
19215,0
17182,0
16700,0
15324,0
15316,0
31180,0
22432,0
3816,0
9627,0
1430,0
10673,0
11797,0
40928,1
24695,0
5408,0
23775,0
25036,0
34042,0
17812,0
27433,0
1177,0
26812,0
3654,0
34175,0
7673,0
19788,0
33434,0
31137,0
11396,0
24604,0
25018,0
25977,0
37684,0
754,0
9441,0
40799,1
22367,0
39039,0
14489,0
20254,0
15680,0
25056,0
36351,1
12891,0
7192,0
35531,0
38570,0
32892,0
14229,0
37760,0
39338,1
21930,0
18372,0
3337,0
21320,0
9664,0
28095,0
8757,0
5677,0
9782,0
16010,0
11494,0
16755,0
37345,0
25799,0
24083,0
18436,0
18285,0
19852,0
37999,1
23659,0
20930,0
18178,0
26908,0
11692,0
28067,0
5207,0
5791,0
27631,0
31974,0
36509,0
27133,0
6442,0
28631,0
20154,0
34831,0
28912,0
7300,0
9453,0
37270,0
9937,0
27388,0
14674,0
33009,0
3495,0
19600,0
15966,0
27396,0
7882,0
8656,0
822,0
14331,0
7382,0
31298,0
21022,0
28676,0
24085,0
9898,0
28848,0
32382,0
6225,0
16846,0
37041,0
33872,0
40740,0
31908,0
26659,0
19080,0
26196,0
21718,0
34076,0
16259,0
33997,0
4297,0
15953,0
18938,0
35748,0
14577,0
11174,0
37108,0
14542,0
29635,0
1028,0
38712,1
27997,0
5927,0
2056,0
13965,0
17950,0
22927,0
26716,0
11878,0
29152,0
10203,0
8718,0
32196,0
6444,0
35594,0
20171,0
12702,0
11367,0
38342,0
6494,0
10522,0
30215,1
4494,0
22244,0
9483,0
35949,0
40652,0
8886,0
23778,0
34469,0
20083,0
39615,1
3463,0
26202,0
8339,0
39442,0
8162,0
37166,0
10134,0
28018,0
33317,0
5761,0
16611,0
2938,0
25486,0
36219,0
1033,0
22605,0
7111,0
28996,0
22799,0
15574,0
13429,0
8148,0
713,0
30641,0
1315,0
36523,0
30916,0
12815,0
38411,0
36960,1
33116,0
31992,0
6303,0
15543,0
30380,0
16519,0
29382,0
32658,0
1547,0
10194,0
4296,0
4747,0
11619,0
12445,0
2599,0
5979,1
21414,0
15392,0
32755,0
31250,0
8210,0
4029,0
2620,0
34479,0
2267,0
8832,0
27841,1
24863,0
25086,0
18411,0
1328,0
34305,0
33291,0
18328,0
10080,0
32774,0
38634,1
10049,0
22121,0
8516,0
26649,0
19358,0
32976,0
15699,0
34520,0
13056,0
26097,0
26200,0
20874,0
27011,0
22797,0
24538,0
8799,0
9584,0
32958,0
21180,0
4613,0
31807,0
11758,0
7734,0
33486,0
3116,0
6239,0
12628,0
28394,0
3159,0
16198,0
29239,0
23292,0
27474,0
12175,0
6883,0
19254,0
3736,0
11160,0
4562,0
13979,0
22750,0
31055,0
21543,0
23944,0
26266,0
2532,0
33003,0
17336,0
2866,0
4095,0
6550,0
37266,0
3260,0
14141,0
10383,0
6779,0
25904,0
7867,0
12501,0
14192,0
16244,0
27756,0
29971,1
6649,0
35472,0
13991,0
9591,0
7774,0
30649,0
23416,0
2069,0
1083,0
24046,0
9293,0
16894,0
26417,0
18607,0
5602,0
13970,0
23372,0
35991,0
5215,0
19977,0
25651,0
17452,0
36818,0
30672,0
30357,0
21435,0
6409,0
33145,0
4002,0
24017,0
40813,0
15375,0
2260,0
24330,0
21555,0
19526,0
23384,0
33748,0
1162,0
26455,0
18937,0
29844,0
28836,0
18996,0
34100,0
30811,0
3760,0
37589,0
5795,0
10501,0
3906,0
33777,0
16747,0
27009,0
25990,0
24696,0
30668,0
5773,0
13014,0
7193,0
2617,0
16411,0
8746,0
20886,0
21506,0
7136,0
5528,0
28650,0
28861,0
32600,0
13603,0
34079,0
10104,0
33369,0
10369,0
16930,0
28555,0
26620,0
38801,1
4608,0
17432,0
30708,0
11169,0
37295,0
25550,0
12394,0
3977,0
24760,0
3734,0
36223,0
7250,0
17855,0
40735,1
19183,0
10809,0
21006,0
29649,0
1395,0
40718,0
7614,1
5698,0
37766,0
33528,0
31132,0
37455,0
34641,0
32272,0
37480,0
26781,0
30113,0
38833,0
19239,0
39934,0
37060,0
26644,0
10309,0
34146,0
17197,0
31486,0
29668,0
38141,0
10294,0
13585,0
39800,0
20108,0
27551,0
1139,0
25760,0
37925,0
31760,0
3403,0
27183,0
2335,0
17662,0
11934,0
8012,0
11281,0
23653,0
23410,0
28939,0
23146,0
15793,0
15549,0
39677,1
19205,0
20664,0
37085,0
13850,0
22210,0
3603,0
11112,0
1849,0
15527,0
33891,0
25466,0
10840,0
1405,0
11057,0
33339,0
8497,0
4526,0
3060,0
12785,0
21961,0
31388,0
12384,0
31522,0
20033,0
10626,0
2521,0
38010,0
4266,0
5722,0
29026,0
7650,0
10176,0
2040,0
2871,0
31534,0
22578,0
27778,1
15202,0
25315,0
6772,0
37578,0
22290,0
800,0
20583,0
27444,0
13045,0
2439,0
21604,0
39478,0
4371,0
29004,0
12168,0
36950,0
11826,0
9523,0
16903,0
23974,0
7601,0
6285,0
3765,0
14977,0
33505,0
21731,0
1898,0
6370,0
32927,0
6070,0
37575,1
23640,0
31338,0
32008,0
10546,0
31301,0
35673,0
27459,0
3013,0
3184,0
35784,0
7808,0
17970,0
5406,0
23959,0
4336,0
19685,0
4443,0
4943,0
10052,0
741,0
10933,0
30192,0
29555,0
2781,0
7624,0
1493,0
4121,0
27222,0
12363,0
40788,0
16850,0
3256,0
20517,0
41112,0
11248,0
30968,0
28442,1
2858,0
30122,0
20279,0
35442,0
28199,0
33833,0
12484,0
7654,0
30838,0
37381,0
25790,0
23540,0
21971,0
20180,0
20340,0
897,0
19948,0
39433,1
7723,0
8186,0
31569,0
33538,0
38376,0
11492,0
27241,0
15995,0
21995,0
1716,0
21862,0
29438,0
8518,0
36680,0
39842,1
18723,0
32390,0
24306,0
6740,0
11812,0
38619,0
9014,0
23520,0
39008,0
12643,0
18946,0
36114,0
28096,0
13666,0
31515,0
5232,0
38793,0
35704,0
19855,0
18070,0
16272,0
17715,0
6679,0
20487,0
6837,0
40946,1
17754,0
18123,0
23270,0
2406,0
5799,0
10722,0
23867,0
8630,0
18750,0
39930,0
8398,0
30220,1
14737,0
10457,0
31467,0
5709,0
13350,0
36568,0
17227,0
18336,0
2469,0
5149,0
6941,0
7525,0
40737,1
29149,0
40089,0
1790,0
10728,0
17861,0
5000,0
310,0
17823,1
37860,0
5809,0
7660,0
27626,0
26518,0
24245,0
12607,0
21726,0
32625,0
3230,0
15705,0
31441,0
16139,0
26436,0
24541,0
40267,1
23849,0
168,0
13486,0
39387,0
25274,0
37532,0
15521,0
35314,0
10166,0
18327,0
9480,0
17156,0
37521,0
14589,0
29032,0
10667,0
17530,0
346,0
26810,0
9346,0
12917,0
35968,0
6719,0
19473,0
20925,0
8930,0
8361,0
6453,0
7267,0
35138,0
37459,0
2124,0
32668,0
39120,1
23493,0
11998,0
40863,0
9885,0
22724,0
1968,0
21203,0
32121,0
13601,0
39778,0
12135,0
25493,0
26012,0
31045,0
22834,0
26284,0
22054,0
36516,0
31454,0
36583,0
36896,1
29703,0
34395,0
40082,1
1150,0
8805,0
5997,0
16488,0
17803,0
30211,0
3058,0
25165,0
25005,0
15654,0
15301,0
39143,1
4769,0
1197,0
30453,1
39550,1
23236,0
21833,0
4925,0
23036,0
36327,0
5530,0
9393,0
35794,0
37723,0
25224,0
5667,0
22249,0
6461,0
26376,0
7427,0
28457,0
28635,0
36350,0
27376,0
10064,0
17836,0
22486,0
24320,0
2424,0
22010,0
8611,0
3520,0
37164,0
22240,0
38720,0
6763,0
16187,0
15982,0
31639,0
18228,0
12463,1
23928,0
2685,0
22417,1
35489,0
37529,0
36976,0
20645,0
2234,0
19675,0
29984,0
33790,0
40344,0
20718,0
18245,0
955,0
40729,1
30134,1
6378,0
8449,0
21336,0
18150,0
13346,0
12798,0
27187,0
22778,0
24910,0
12372,0
34855,0
9768,0
30184,0
36507,1
28608,0
13362,0
3457,0
31737,0
32380,0
38566,1
16127,0
34153,0
12204,0
22308,0
24175,0
20238,0
34382,0
37245,0
33545,0
33218,0
23680,0
6913,0
28143,0
29040,0
27595,0
17139,0
27515,0
19385,0
19567,0
19302,0
38770,1
15510,0
19417,0
199,0
36353,0
34649,0
11533,0
16618,0
38746,0
26109,0
4720,0
13856,1
24651,0
8671,0
26489,1
15226,0
23608,0
12954,0
10926,0
16933,0
869,0
34201,0
17606,0
830,0
34291,0
41074,0
26203,0
11428,0
30907,0
22608,0
4140,0
37996,1
22714,0
27206,0
26064,0
31617,0
3281,0
8039,0
12974,0
23461,1
34983,0
39481,1
5034,0
6991,0
1467,0
3692,0
35566,0
13178,0
32827,0
36335,0
20061,0
6973,0
26010,0
25583,0
23564,0
34099,0
19580,0
34283,0
4303,0
2435,0
34692,0
28453,0
14256,0
33690,0
38388,1
40106,1
34068,0
24159,0
34924,0
26208,0
1792,0
22456,0
11526,0
7024,0
8455,0
7170,0
9144,0
23732,0
8120,1
23513,0
34310,0
35600,0
17005,0
24653,0
25067,0
38332,0
19248,0
32173,0
11993,0
17893,0
714,0
33874,0
889,0
29188,0
5003,0
35815,0
28372,0
27426,0
30922,0
4661,0
85,0
34355,0
37796,0
34601,0
3675,0
38328,0
14213,0
3156,0
40591,0
25505,0
966,0
22867,0
16958,0
28798,0
2433,0
205,0
14973,0
5437,0
36662,1
31071,0
32379,0
18455,0
28146,0
1391,0
40519,0
37101,1
938,0
36011,0
25923,0
3048,0
40014,0
35457,0
35010,0
8268,0
11154,0
40238,0
8533,0
2338,0
37695,0
25244,0
34160,0
28777,0
34582,0
2623,0
15369,0
1436,0
372,0
13828,0
13168,0
13166,0
23987,0
22738,0
18698,0
10861,0
20044,0
23487,0
27851,0
40997,0
32708,0
27276,0
27071,0
2706,0
34988,0
32604,0
12067,0
40098,0
1534,0
32212,0
23037,0
26627,0
29247,0
9431,0
4866,0
35184,0
23516,0
4250,0
5155,0
28317,0
34169,0
40076,0
39718,1
31848,0
23458,0
21449,0
9284,0
17235,0
8838,0
197,0
27982,0
37370,0
13794,0
26441,0
8752,0
16969,0
9533,0
27648,0
5478,0
4076,0
11072,0
7451,0
35203,0
7606,0
28211,0
17820,0
10321,0
40580,0
11809,0
35470,0
17532,1
24340,0
33579,0
14910,1
15131,0
1625,0
40755,0
18606,0
35271,0
26920,0
35997,0
19844,0
39160,1
17751,0
37668,0
29613,0
22762,0
27378,0
38733,0
38045,0
20156,0
37515,0
36476,0
5890,0
9583,0
10183,0
9876,0
3375,0
3416,0
2043,0
35478,0
26169,0
24615,0
40950,0
5429,0
9388,0
33655,0
38249,0
12185,0
25097,0
33609,0
19962,0
16441,0
34083,0
33420,0
19625,0
30227,0
12442,0
18556,0
18340,0
41099,1
7331,0
24231,0
39903,0
24659,0
16027,0
19791,0
11210,0
38252,0
19885,0
30996,0
26307,0
31830,1
36146,0
27523,0
21815,0
25113,0
10452,0
3223,0
19547,0
2219,0
19527,0
40336,1
31805,0
40839,0
24342,0
4204,0
18338,0
30242,0
5736,0
1208,0
1659,0
3397,0
20533,0
24688,0
6007,0
17949,0
601,0
24925,0
9632,0
1237,0
40682,0
8056,0
26137,0
9046,0
22216,0
12705,0
896,0
28221,0
10818,0
18443,0
40361,1
34530,0
31086,0
35895,0
147,0
8104,0
11512,0
28433,0
706,0
6841,0
32141,0
1439,0
6138,0
38026,0
17689,0
10461,1
6811,0
18840,0
12137,0
8733,0
18185,0
33311,0
17467,0
37528,0
25303,0
12629,0
8096,0
15494,0
17440,0
16111,0
30779,1
39716,0
5081,0
8005,0
36686,0
12339,0
6759,0
32160,0
15420,0
11764,0
3563,0
21637,0
12612,0
21626,0
7627,0
34009,0
414,0
15964,0
21183,0
9853,0
2493,0
29739,0
19875,0
16542,0
27757,0
21462,0
24349,0
30701,0
25714,0
19040,1
504,0
19423,0
36241,1
27686,0
9845,0
12456,0
5980,0
17338,0
29344,0
16168,0
17123,0
8653,0
20400,0
24138,0
37011,0
34923,0
23174,0
16740,0
26875,0
10361,0
11382,0
24568,0
29826,0
31901,0
19193,0
13309,0
18299,0
31355,0
34537,0
38434,1
7922,0
4037,0
17434,0
21968,0
29432,0
11712,0
22223,0
39359,0
28689,0
5616,0
12152,0
30683,0
16347,0
5936,0
25852,0
18113,0
21349,0
5461,0
21019,0
22731,0
6924,0
12534,0
18391,0
34441,0
17404,0
40385,1
38242,0
34526,0
28956,0
11582,0
40173,1
38693,1
34604,0
6922,0
23799,0
31894,0
17308,0
39312,1
1893,0
7229,0
32674,0
17583,0
37705,1
24404,1
28988,0
27587,0
35235,1
17231,0
33459,0
8225,0
24049,1
10762,0
2098,0
8257,0
37791,1
31356,0
33151,0
17741,0
27110,0
28343,0
5763,0
38694,1
24372,0
10800,0
10993,0
5829,0
24290,0
4512,0
35905,0
30006,1
20450,0
40796,1
19556,0
24471,0
36199,0
14003,1
28823,0
21598,0
13483,0
4655,0
36781,0
20572,0
12852,0
31862,0
30979,0
18048,0
1305,0
41152,1
11074,0
32071,0
35293,0
12900,0
40588,0
16502,0
17490,0
17339,0
20261,0
14287,0
4729,0
17630,0
33478,1
20748,0
19899,0
13199,0
31836,0
22495,0
30074,0
17127,0
23498,0
40873,1
23142,0
2014,0
25156,0
24434,0
19431,0
11688,0
40923,0
8776,0
14788,0
1705,0
40291,1
33018,0
21809,0
34891,0
35739,0
25265,0
18253,0
33087,0
813,0
1343,0
9655,0
32870,0
6157,0
12213,0
14721,0
16509,0
5094,0
21083,0
34853,0
12017,0
15609,0
12850,0
40827,0
1765,0
4624,0
2986,0
22044,1
20882,0
36468,0
7435,0
25701,0
9487,0
20895,0
5458,0
7519,0
1466,0
21187,0
6192,0
29732,0
34969,1
15242,0
11350,0
33461,0
33053,0
21324,0
22759,0
4771,0
31769,0
4621,0
22701,0
23763,0
30719,0
21534,0
1110,0
7271,0
33059,0
20183,0
7690,0
23628,0
9229,0
31299,0
30167,0
18117,1
28532,0
19242,0
200,0
20500,0
20714,0
34322,0
242,0
37884,0
6665,0
38463,1
35505,0
32040,0
26709,0
1215,0
3388,0
16978,0
40901,0
28830,0
1041,0
1623,0
33254,0
17499,0
22941,0
5139,0
29047,0
8216,0
26255,0
24697,0
13071,0
32919,0
884,0
17632,0
38559,0
18605,0
17541,0
1510,0
40942,1
1960,0
24567,0
35789,0
30221,0
22214,0
36657,1
32644,0
26760,0
25423,0
1673,0
17137,0
19462,0
18452,0
15171,0
3412,0
23433,0
4709,0
21914,0
16412,0
35062,0
13108,0
29154,0
12373,0
18300,0
116,0
20831,0
9868,0
14645,0
1513,0
19081,0
33113,0
30358,1
27638,0
27172,0
2475,0
36704,1
34035,1
18692,0
30493,0
33199,0
38272,0
16052,0
28899,0
10122,0
34689,0
33085,0
25066,0
20252,0
7274,0
2924,0
14885,0
34490,0
27177,0
32606,0
16499,0
1344,0
30198,0
19434,0
15183,0
9009,0
538,0
21900,0
15461,0
11954,0
16586,0
30624,0
28196,0
17680,0
33989,0
30757,0
14360,0
1619,0
16962,0
21576,0
16421,0
11001,0
30736,0
12406,0
15287,0
18732,0
6979,0
24458,0
35775,0
34214,0
14710,0
7031,0
30705,0
6325,0
3418,0
16860,0
7507,0
40347,1
32903,0
38941,0
35243,0
38613,0
27929,0
27447,0
36761,1
23784,0
23721,0
2762,0
27684,0
29229,0
37489,0
2817,0
35096,0
35375,0
23055,0
14405,0
14819,0
21151,0
13624,0
16904,0
26453,0
5473,0
41078,1
18868,0
22099,0
28558,0
6738,0
21954,0
20757,1
16206,0
131,0
37645,0
39908,1
17995,1
23135,0
38105,0
35737,0
40693,0
3451,0
36340,0
18206,0
29120,0
4752,1
14594,0
26194,0
39782,1
16113,0
25090,0
19692,0
15876,1
26185,0
33432,0
12758,0
3430,0
40007,0
1641,0
25827,0
24527,0
12874,0
23394,0
3331,0
7027,0
839,0
3254,0
31938,0
24561,0
27042,0
9217,0
32022,0
5618,0
26438,0
13418,0
16061,0
27365,0
11217,0
7917,0
7905,0
38962,1
29699,0
35341,0
7600,0
35259,0
32134,0
24101,0
30281,0
36747,0
9044,0
35431,0
14350,0
17721,1
17713,0
39237,1
3964,0
22350,0
10021,0
22995,0
25237,0
23541,0
37073,0
6693,0
20863,0
3710,0
9106,0
39796,1
28172,0
4890,0
14088,0
2787,0
22040,0
1407,0
14610,0
37570,1
28833,0
38623,0
28469,0
30456,0
7224,0
35663,0
5282,0
24417,0
18131,0
10715,0
40477,1
30153,0
24134,0
28920,0
27068,0
17804,0
19894,0
33568,0
38286,0
7153,0
40991,1
13230,0
28125,0
3005,0
2628,0
1349,0
5627,0
675,0
9984,0
32479,0
18392,0
30866,0
33755,0
21138,0
38182,0
14992,0
5901,0
39531,1
13354,1
23815,0
24980,0
4822,0
23417,0
14086,0
26513,0
14576,0
30326,0
5334,0
39993,1
35637,0
23293,0
31114,0
15652,0
17783,0
6439,0
39651,1
18401,0
15553,0
21693,0
15833,0
25496,0
4236,0
22125,0
30812,0
8191,0
26791,0
15795,0
28264,0
13748,0
2374,0
14220,0
15996,0
38027,1
1370,0
32582,0
7347,0
29929,0
16037,0
19214,0
16974,0
18582,0
37908,0
13808,0
12631,0
28527,0
1455,0
30601,0
23268,1
16497,0
25713,0
40166,1
10212,0
31024,0
32206,0
9232,0
17317,0
31653,1
19709,0
22112,0
27345,0
11099,0
30597,0
6561,0
32524,0
4401,0
31263,0
6413,0
39246,1
22342,0
20001,0
29461,0
29902,0
34365,0
17142,0
39666,1
26514,0
40759,1
10051,0
39098,0
35711,0
36294,0
3094,0
1017,0
22874,0
31911,0
20490,0
31125,0
34028,0
5083,0
35952,0
11726,0
10169,0
32222,0
36752,1
12383,0
27705,1
517,0
14559,0
26551,0
38644,0
15856,0
9861,0
11605,0
35800,0
25326,0
15866,0
10949,0
31980,0
34362,0
9015,0
2195,0
31972,0
30645,0
4972,0
35693,0
4620,0
6676,0
15653,0
33818,0
26524,0
19807,0
30034,0
24463,0
29429,0
3892,0
16868,0
1857,0
28846,0
13129,0
17099,0
12427,0
17719,0
37219,1
39833,0
18064,0
31418,0
12122,0
10856,0
6588,0
36851,0
18479,0
2663,0
36074,0
10450,0
24765,0
5802,0
24508,0
38293,0
12750,0
2147,0
32847,0
743,0
11970,0
19166,0
4564,0
10038,0
32608,0
40959,1
31917,0
13648,0
14549,0
19158,0
40533,0
39015,1
10873,0
30200,0
35303,0
38292,1
29916,0
31650,1
8546,0
22952,0
169,0
20223,0
12350,0
32695,0
32504,0
11133,0
8200,0
18163,0
17118,0
21696,0
8866,0
37066,0
4874,0
35850,0
34251,0
5742,0
22627,0
142,0
15593,0
9375,0
7008,0
31331,0
2489,0
37178,0
3872,0
2632,0
2763,0
7844,0
22609,0
3318,0
7684,0
20594,0
11947,0
40407,1
6867,0
11828,0
36619,0
34110,0
19247,0
35665,0
31731,0
4763,0
39879,0
37265,0
31514,0
38979,1
383,0
26813,0
18658,0
33138,0
7269,0
23885,0
24960,0
38794,0
8702,0
1621,0
15174,0
5700,0
17284,0
22337,0
9472,0
16581,0
6582,0
4980,0
9813,0
28625,0
35280,0
7120,0
4356,0
3855,0
4101,0
13613,0
15900,0
11745,0
28621,0
198,0
13741,0
9016,0
9438,0
35855,0
160,0
10749,0
4707,0
35014,1
5697,0
1556,0
28646,0
29740,0
37191,1
13367,0
16693,0
11562,0
11449,0
20126,0
34045,0
36440,0
12169,0
21467,0
16910,0
26766,0
36224,0
34089,0
8888,0
14659,0
4968,0
962,0
24835,0
26958,0
26682,0
35469,0
9318,0
6023,0
6818,0
7957,0
18567,0
27478,0
35275,0
12251,0
13236,0
1050,0
251,0
6065,0
25188,0
26648,0
21318,0
35365,0
11836,0
31834,0
13615,0
11850,0
6032,0
8540,0
4789,0
14184,0
26328,0
5366,0
14193,0
20759,0
19759,0
7953,0
40622,0
8941,0
8589,0
2535,0
36871,0
34668,1
35816,0
3823,0
16278,0
13527,0
41164,1
8287,0
23011,0
20585,0
39886,1
1102,0
8234,0
20605,0
23571,0
15905,1
23454,0
13526,0
30065,0
34746,0
4311,0
29872,0
19549,0
18889,0
20997,0
36678,1
23006,0
1036,0
40586,1
31644,0
14318,0
28109,0
28723,0
871,0
27261,0
31723,0
32699,0
13751,0
14408,0
19534,0
37211,0
13461,1
25897,0
13753,0
38886,0
34155,0
1228,0
1151,0
39424,1
33999,0
12361,0
36494,0
13913,0
37320,0
10238,0
18231,0
15264,0
11014,0
2845,0
6288,0
16235,1
39352,0
30067,0
27651,0
18501,0
4559,0
40277,1
38716,1
27786,0
7866,0
25248,0
14702,0
12429,0
14760,0
41147,1
25076,0
11805,0
10077,0
2389,0
14394,0
17795,0
11283,0
38035,1
13752,0
39552,1
11530,0
1728,0
11030,0
36059,0
16377,0
26894,0
32899,0
27735,0
14553,0
1678,0
4019,0
2405,0
23524,0
4448,0
40414,1
23140,0
6718,0
7218,0
2710,0
34156,0
37779,0
39968,1
33586,0
1688,0
19579,0
39473,1
5615,0
34065,0
31943,0
32006,0
13436,0
35983,0
33076,0
17120,0
7125,0
39864,0
38483,0
20146,0
3356,0
39375,0
18166,0
3034,0
13507,0
38686,0
371,0
27501,0
25584,0
29760,0
22589,0
5102,0
18029,0
36883,0
9574,0
38735,1
28714,0
24927,0
9949,0
35547,0
16713,0
10024,0
7376,0
32325,0
28047,0
18895,0
14856,0
10168,0
12265,0
19264,0
26859,0
11511,0
27352,0
19263,0
11956,0
31756,0
32033,1
2081,0
17090,0
41105,0
28575,0
26831,0
23534,0
28134,0
10757,0
29838,0
36053,1
38472,0
9003,0
1551,0
34962,0
10712,0
20030,0
11669,0
29389,0
34189,0
38525,0
34299,0
39870,0
22067,0
1610,0
7580,0
8606,0
32710,0
11707,0
6708,0
31590,0
13157,0
2662,0
28373,0
18708,0
29905,0
26088,0
7251,0
39146,1
39786,1
14699,0
24824,0
12081,0
18865,0
5171,0
28193,0
6969,0
7163,0
33617,0
2410,0
7150,0
11593,0
20971,0
20522,0
20273,0
34125,0
7595,0
34307,0
32648,0
28286,0
11132,0
19936,0
12945,0
25128,0
13780,0
11860,0
39156,1
38118,1
18897,0
38050,0
21597,0
16720,0
8586,0
20339,0
38972,1
37492,1
629,0
29692,0
21884,0
6893,0
34729,0
17152,0
32579,0
2094,0
7739,0
35884,0
39681,1
17125,0
12772,0
31085,0
36320,0
313,0
39297,1
13105,0
18960,0
19390,0
20736,0
4252,0
22671,0
27842,0
21607,0
39969,0
15541,0
27959,0
6178,0
19958,0
30903,0
36603,1
13187,0
13296,0
29109,0
4258,0
284,0
32948,0
20080,0
38798,1
315,0
37845,0
38265,0
34527,0
28008,0
2776,0
24366,0
14531,0
11295,0
5976,0
36796,1
38989,1
16273,0
28523,0
25569,0
34280,0
1333,0
36778,0
26249,0
3394,0
39462,0
6345,0
33146,0
25798,0
24038,1
8469,0
14855,0
19441,1
14714,0
16609,0
31029,0
11190,0
26323,0
17971,0
40004,0
6408,0
10519,0
14640,0
32424,0
26069,0
24668,0
19636,0
40167,1
26983,0
6079,0
34944,0
14008,0
29451,0
24284,0
34684,0
13478,0
17508,0
28552,0
17919,0
35029,0
19669,0
8106,0
38033,0
6185,0
22499,0
30265,0
38629,0
17501,0
39501,0
9540,0
21216,0
11795,0
24566,0
32563,0
21931,0
1071,0
34439,0
14750,1
1782,0
9971,0
17395,0
213,0
37228,1
2041,0
5899,0
6559,0
33308,0
39946,0
13917,0
29362,0
157,0
20782,0
31806,0
24194,0
10554,0
40568,1
7197,0
4908,0
19686,0
196,0
39850,1
1666,0
23811,0
25655,0
13234,0
32281,0
5500,0
19886,0
16561,1
18085,0
30422,0
20536,0
7344,0
14604,0
32462,0
4373,0
4867,0
16172,0
25838,0
33804,0
24201,0
34434,0
21054,0
10896,0
16851,0
27967,0
12727,0
37495,0
39017,0
26263,0
3819,0
39835,1
23588,0
7397,0
31330,0
15459,0
32157,0
32613,0
20386,0
24792,0
16006,0
36562,1
11977,0
33574,0
4552,0
24780,0
30171,0
9227,0
29339,0
34653,0
34032,0
19531,0
7697,0
18393,0
27597,0
3231,0
3937,0
13444,0
28502,0
5952,0
5578,0
8358,0
28472,0
12128,0
16971,0
35814,1
21093,0
37444,0
2774,0
11857,0
36097,0
16425,0
39483,1
40551,1
427,0
873,0
35675,0
32373,0
16719,0
38005,1
721,0
29864,0
25124,0
29310,0
31743,0
23485,0
23533,0
693,0
18494,0
15868,0
4796,0
40943,1
12921,0
34564,0
8935,0
23843,0
33289,0
6485,0
7772,0
26852,0
34242,0
39787,0
9660,0
41061,0
4949,0
10581,0
18440,0
17416,0
23720,0
29627,1
21600,0
11441,0
26070,0
6603,0
20081,0
22692,0
37644,1
40491,1
25508,0
30557,0
25717,0
19134,0
1236,0
35358,0
29959,0
30797,0
36555,1
21105,0
27255,0
16400,0
5565,0
24593,0
8697,0
33956,0
1979,0
11146,0
23519,0
214,0
6357,0
22157,0
3526,0
11840,0
8423,0
29863,0
35636,0
39963,0
37477,0
8783,0
25650,0
13958,0
6506,0
22083,0
5649,0
28851,0
31494,0
24303,0
20866,0
14420,0
8720,0
16884,0
30732,0
7149,0
20324,0
40289,0
2777,0
8892,0
30441,0
4504,0
12609,0
2724,0
32405,0
39023,0
39230,1
20179,0
5887,0
37366,0
1924,0
21291,0
29583,0
2084,0
1419,0
10566,0
22200,1
29174,0
30697,0
736,0
32974,0
23296,0
14841,0
15746,0
38446,1
33766,1
31558,0
11662,0
23746,0
4505,0
35513,0
22154,0
38925,0
40270,0
6642,0
7221,0
15822,0
9341,0
22914,0
4585,0
30306,0
19940,0
12025,0
36301,0
9476,0
28445,0
17036,1
30859,0
6685,0
8480,0
28065,0
5265,0
41001,0
17924,0
40017,0
37293,0
5881,0
24510,0
24995,0
31230,0
22488,0
27014,0
25019,0
348,0
27063,0
22458,0
8066,0
24051,1
39050,1
4070,0
23771,0
14687,0
37206,0
33757,0
7942,0
7585,0
26814,0
24949,0
31995,0
28803,0
15184,0
25158,0
38413,0
34806,0
32389,0
39507,0
38976,1
879,0
19826,0
11147,0
35462,0
7461,0
2445,0
16326,0
35902,1
21926,0
39033,0
37614,0
40161,1
24507,0
15563,0
31820,0
17936,0
34606,0
24468,0
28623,0
7950,0
37177,0
39101,0
13901,1
20396,1
39821,1
16565,0
11143,0
36267,0
28664,0
11128,0
31339,0
17340,0
30726,0
29947,0
25488,0
25834,0
18335,0
35447,0
39117,1
29697,0
38108,0
32069,0
19018,0
28804,0
4982,0
7104,0
34916,0
17921,0
20078,0
7195,0
31570,0
101,0
7590,0
38542,1
15918,0
38815,0
23502,0
23282,0
16664,0
40174,0
2126,0
8773,0
3479,0
4954,0
17755,0
20859,0
7629,0
11483,0
3836,0
32936,0
17026,0
37875,0
12947,0
33702,0
10144,0
24657,0
23354,0
10855,0
35316,0
16726,0
6502,0
14173,0
20555,0
13496,0
15548,0
21023,0
26608,0
6999,0
4775,0
22689,0
13569,0
1723,0
20855,0
39690,0
14801,0
5966,0
14265,0
27666,0
6982,0
23709,0
11276,0
16437,0
31234,0
12399,0
33197,0
30831,0
23780,0
7946,0
25765,0
22156,0
22135,0
16760,0
30580,0
21221,0
2090,0
31046,0
25443,0
16209,0
31722,0
5039,0
1476,0
8677,0
12386,0
28353,1
34610,0
28883,0
33256,0
26112,0
37998,0
20117,0
3822,0
23645,0
8552,0
35434,0
5611,0
4628,0
22981,0
12920,0
37359,0
33316,0
28659,0
32647,0
29285,0
9386,0
26172,0
21234,0
27428,0
13146,0
33885,0
38834,1
29159,0
27238,0
17910,0
39912,1
21484,0
40357,0
11193,0
17808,0
31307,0
4445,0
30356,1
8723,0
4196,0
23575,0
2959,0
34413,0
14508,0
20924,0
35903,0
30695,0
6133,0
25678,0
30376,0
10537,0
30945,0
21768,0
31846,0
2292,0
18587,0
35619,0
33739,0
25059,0
25627,0
5873,0
26140,0
22534,0
28637,0
2880,0
18684,0
34782,0
35320,0
27632,0
40941,1
34846,0
6571,0
32148,0
31546,0
17349,0
23130,0
14969,0
12408,0
1034,0
28728,0
28220,0
25475,0
35681,0
10568,0
2992,0
21091,0
641,0
13946,0
21939,0
36422,1
33165,0
23722,0
31121,0
35121,0
19854,0
17226,0
20801,0
32077,0
29637,0
25928,0
14722,0
33901,0
38550,1
16066,0
12438,0
30712,0
27874,1
33058,0
33537,0
32768,0
17022,0
28759,0
36116,1
8229,0
19019,0
39880,1
6521,0
15246,0
18667,0
40453,1
17956,0
28446,0
5915,0
13686,0
18190,0
12656,0
5930,0
29158,0
37790,1
8209,0
22679,0
30398,1
20264,0
30353,0
28516,0
19148,0
9004,0
40720,0
28334,0
19557,0
37233,1
36525,0
399,0
32731,1
11693,0
31153,0
22176,0
41008,1
36032,0
5211,0
18739,0
15737,0
3838,0
30024,0
28949,0
28026,0
13844,0
11445,0
11103,0
30793,1
3868,0
17424,0
28633,0
29203,0
7551,0
11900,0
14868,0
31386,0
38049,0
10584,0
31309,0
5914,0
2653,0
19569,0
39419,1
26721,0
13491,0
28263,0
13636,0
29615,0
30663,0
9091,0
30201,1
20291,0
23968,0
8585,0
2659,0
16294,0
33822,0
23892,0
4558,0
25487,0
11124,0
36609,1
17704,0
34707,0
5654,0
36993,0
4379,0
28871,0
6493,0
20039,0
20045,0
40258,1
366,0
9580,0
31053,0
40454,0
39302,1
20465,0
41157,1
10793,0
24906,0
37797,0
23847,0
35408,0
29377,0
3730,0
36418,0
227,0
23594,0
26815,0
8967,0
18075,0
31921,0
32218,0
394,0
37040,0
24211,0
40186,1
35883,0
1278,0
33035,0
14434,0
38578,1
26595,0
29899,0
24787,0
23525,0
2398,0
1480,0
10500,0
17559,0
22126,0
16934,0
1584,0
20888,0
3407,0
17209,0
33186,0
38439,1
14595,0
1712,0
20084,0
15266,0
1478,0
19485,0
30781,0
17064,0
20561,0
4020,0
6021,0
20486,0
26818,0
18141,0
6328,0
11761,0
16649,0
12258,0
37673,0
27702,0
36724,0
11613,0
8009,0
3919,0
34638,0
37227,0
23486,0
25660,0
31833,0
34910,0
16182,0
10220,0
3033,0
23019,0
24265,0
13811,0
1856,0
35529,0
13793,1
17561,0
18516,1
10464,0
12902,0
16558,0
12894,0
18898,0
27681,0
9037,0
4097,0
30700,0
9363,0
40425,0
22737,0
17189,0
22076,0
13909,0
25510,0
15134,0
23399,0
31577,0
40228,1
30742,0
21713,0
17423,0
39397,1
5258,0
13301,0
19680,0
8263,0
8152,0
15462,0
16793,1
9111,0
11237,0
5580,0
1537,0
39770,0
11883,0
38618,0
22670,0
13931,0
1655,0
559,0
17899,0
2032,0
27942,0
2153,0
39915,0
11510,0
20287,0
15212,0
416,0
4387,0
5090,0
21891,0
20397,0
19296,0
31576,0
20319,0
9512,0
39346,0
37776,0
20132,0
23298,0
18597,0
539,0
38560,0
13644,0
16410,0
13548,0
33953,0
40585,0
3918,0
18427,0
13910,0
32028,0
16887,0
19614,0
30359,0
30401,1
8380,1
23759,0
18175,0
15178,0
28678,0
9520,0
18722,0
32757,0
39815,0
25562,0
19322,0
17279,0
16067,0
36490,1
17789,0
9418,0
33235,0
35103,0
31323,1
25845,0
35584,0
8086,0
7516,0
35948,0
29182,0
14507,0
2366,0
29656,0
29420,0
10767,0
12547,0
18186,0
13205,0
26662,0
38514,0
40169,1
29504,0
9890,0
11953,0
38414,0
8419,0
26887,0
13792,0
12342,0
35521,0
12513,0
34605,0
22691,0
27423,0
5957,0
5536,0
13919,0
4965,0
1299,0
27697,0
1583,0
4914,0
13148,0
26780,0
6589,0
22405,0
8978,0
29595,0
21681,0
30004,0
2625,0
2786,0
34570,0
14296,0
33587,1
2827,0
23098,0
21240,0
12101,0
16350,0
40035,0
23357,0
14247,0
35502,0
11290,0
15147,0
36699,0
27791,0
8185,0
32873,0
29206,0
25035,0
17625,0
31286,0
12912,0
28990,0
32170,0
30816,0
38527,0
9784,0
36403,0
36564,0
31123,0
15422,0
17268,0
8731,0
31039,0
475,0
28440,0
8334,0
40935,0
39816,0
32166,0
18412,0
20002,0
13554,0
15766,0
27134,0
35063,0
13803,0
13310,0
32702,0
23920,0
41156,0
35697,0
20542,0
36204,0
6764,0
22315,0
36443,0
37741,0
20090,0
19644,0
35043,0
7635,0
23807,0
8255,0
16608,0
2239,0
36266,0
2627,0
31794,0
8764,0
13196,0
2360,0
30312,1
21544,0
12424,0
21222,0
6082,0
22280,0
6990,0
27494,0
20504,0
26584,0
501,0
1392,0
1569,0
29493,0
502,0
19476,0
34874,0
33965,0
26984,0
25567,0
11742,0
7316,0
21317,0
11579,1
34082,0
40649,0
16060,0
37029,0
38313,1
5658,0
13415,0
36485,0
39127,0
39192,1
29728,0
37854,0
24357,0
14424,0
15303,0
1755,0
38099,1
16074,0
26602,0
4842,0
13057,0
1288,0
25596,0
13368,0
10697,0
10859,0
33549,0
38553,0
33644,0
26755,0
32982,0
31469,0
20453,0
22206,0
13623,0
22741,0
937,0
22581,0
29537,0
37724,0
18547,0
14058,0
24516,0
41083,0
11345,0
29210,0
39222,1
3273,0
32446,0
6384,0
27312,0
34286,0
18265,0
12595,0
37196,0
21373,0
4786,0
30773,0
11184,0
37817,0
11073,0
32300,0
33747,0
14195,0
34107,0
38067,0
5740,0
36100,0
29551,0
38136,0
5399,0
8508,0
27670,0
38874,0
2672,0
27900,1
30150,1
19639,0
29778,0
8402,0
39647,1
40249,0
28702,0
28863,0
33480,0
2953,0
26359,0
3660,0
40369,1
9776,0
30771,0
28295,0
12704,0
20020,0
21906,0
30460,0
7599,0
7060,0
1498,0
23435,0
10267,0
34191,0
15880,0
12026,0
3037,0
3986,0
6358,0
6815,0
25961,0
32081,0
38304,0
36573,0
28206,0
25691,0
36029,0
20072,0
18854,0
40871,1
19984,0
31165,0
17384,0
2170,0
25751,0
20200,0
26017,0
14477,0
23381,0
15817,0
7036,0
27979,0
20820,0
37237,1
25051,0
6729,0
11762,0
27267,0
4807,0
3452,0
2815,0
1411,0
18884,0
30615,0
12065,0
7784,0
752,0
40304,0
2461,0
27535,0
35527,0
11819,0
19891,0
26763,0
33055,0
18468,0
27784,0
27556,0
14463,0
14047,0
29194,0
15826,0
31140,0
12916,0
1224,0
4764,0
24415,0
33826,0
30486,0
28052,0
38717,0
21623,0
28973,0
3783,0
10572,0
7587,0
2073,0
14892,0
27788,0
6275,0
27289,1
9230,0
34833,0
39329,1
493,0
1717,0
35503,0
16210,0
38724,0
39242,0
35735,0
12626,0
30662,0
10570,0
12677,0
35751,0
13217,0
35617,0
19151,0
8836,0
793,0
10266,0
17611,0
35223,0
31314,0
6425,0
11687,0
15987,0
11776,0
9838,0
18184,0
27948,0
5469,0
30529,0
29852,0
38194,0
18177,0
38493,0
6087,0
5061,0
20966,0
23060,0
15942,0
21716,0
32199,0
37946,0
26741,0
15686,0
29364,0
17400,0
36771,1
29253,0
19200,0
38466,1
32912,0
13549,0
4597,0
16613,0
11713,0
38803,1
22966,0
35204,0
33523,0
1951,0
22291,0
39470,0
40164,1
39503,0
23505,1
29457,0
18660,0
36184,0
28492,0
6782,0
14615,0
23396,0
3413,0
7701,0
14853,0
24661,0
8202,0
11763,0
4850,0
11720,0
26071,0
20727,0
15214,0
9810,0
27835,0
1294,0
18901,0
24585,0
14538,0
18973,0
40423,0
17872,0
30633,0
39609,1
4133,0
10401,0
732,0
17939,0
6181,0
695,0
1975,0
16123,0
2882,0
19578,0
25417,0
2989,0
13231,0
33413,0
6274,0
15899,0
305,0
30400,1
3233,0
31506,0
6873,0
17020,0
26452,0
19935,0
13876,0
30782,0
26774,0
8122,0
17545,0
1910,0
21174,0
12592,0
56,0
39282,1
30307,0
32338,0
11798,0
28636,0
2642,0
4797,1
12792,0
10497,0
39233,0
5147,0
12688,0
10494,0
27901,0
19142,0
26914,0
20406,0
38822,0
26288,0
33525,0
10278,0
8332,0
24069,0
8388,0
35785,0
29554,0
11065,0
3735,0
14310,0
40079,1
26715,0
29991,0
1550,0
30404,1
10655,0
30063,0
38536,0
33230,1
17618,0
3239,0
12268,0
32560,0
34727,0
708,0
31069,0
23187,0
309,0
16559,0
30635,0
2719,0
29972,0
20662,0
3650,0
29674,0
23045,0
35037,0
34716,0
34996,0
12046,0
7352,0
9778,0
26430,0
5628,0
21546,0
38169,0
23548,0
39361,0
1853,0
24909,0
25162,0
5830,0
36004,0
2586,0
11232,0
24012,0
3056,0
2520,0
10768,0
15747,0
39994,1
8957,0
7222,0
11560,0
3788,0
28921,0
39349,1
31572,0
19882,0
40601,0
12131,0
823,0
41079,1
21052,0
34851,0
22354,0
40411,1
28003,0
38610,0
11951,0
18742,0
19048,0
11980,0
24208,0
32017,0
35482,0
11522,0
34950,0
37437,1
13360,0
27771,0
8593,0
20711,0
33509,0
547,0
36693,0
37752,0
14663,0
8922,0
3003,0
22231,0
32616,0
37956,0
35625,0
25537,0
40470,1
20986,0
32790,0
16311,0
24771,0
8807,0
10700,0
31442,0
29532,0
5445,0
11531,0
27885,0
29296,0
16256,0
37171,0
13359,0
14616,0
4660,0
7282,0
5388,0
21982,0
20467,0
14159,0
12867,0
19157,0
20120,0
7582,0
40030,0
16630,0
20963,0
10257,0
16882,0
14482,0
5777,0
34596,0
34154,0
38876,0
10525,0
18066,0
23707,0
247,0
30077,0
8525,0
38665,0
17187,0
265,0
24010,1
28898,0
27884,1
22410,0
32551,0
3829,0
35602,0
2152,0
13173,0
21628,0
31774,0
22982,0
39935,0
17819,0
34986,0
29993,0
13664,0
7006,0
33127,0
37813,0
23024,0
15689,0
19421,0
8366,0
13091,0
11482,0
26068,0
6003,0
29823,0
35942,0
35988,0
11911,0
41080,1
10731,0
11771,0
34677,0
10518,0
35033,0
34939,0
5725,0
10962,0
14612,0
18971,0
8931,0
25561,0
21016,0
26666,0
15992,0
6766,0
9692,0
29527,0
6792,0
37527,0
14474,0
13981,0
24596,0
6515,0
8028,0
12256,0
7161,0
28675,0
6216,0
14947,0
9086,0
12565,0
5192,0
28028,0
39154,1
20186,0
29157,0
17766,0
40558,0
24897,0
9183,0
33516,0
22043,0
14662,0
38458,1
11774,0
18926,0
22151,0
16650,0
613,0
35212,0
29927,0
34024,0
11399,0
31241,0
907,0
26113,0
11138,0
23139,0
28234,0
15490,0
37877,0
14534,0
31994,0
39126,0
8815,0
39211,0
16761,0
11718,0
603,0
31321,0
36284,1
20027,0
38006,1
14218,0
12516,0
27547,0
67,0
15497,0
34387,0
8161,0
25726,0
13256,0
3244,0
24331,0
41142,1
33107,0
35823,0
28513,0
12878,0
29559,0
36669,0
12194,0
7384,0
21988,0
38598,1
28740,0
28346,0
19325,0
12378,0
40634,1
19624,0
9946,0
20673,0
13081,0
4025,0
5145,0
3900,0
39506,1
35109,0
9291,0
16879,0
11786,0
12016,0
8980,0
4208,0
38954,0
38960,1
26794,0
27628,0
12652,0
36007,1
38905,1
26018,0
26104,0
21078,0
14952,0
3339,0
796,0
2595,0
11901,0
19218,0
7236,0
3655,0
26007,0
38508,0
5361,0
34071,0
27489,0
8248,0
36622,1
37611,1
9196,0
2849,0
10884,0
21849,0
35702,0
707,0
31235,0
14740,0
5872,0
584,0
32172,0
10824,0
3119,0
24570,0
36627,1
15050,0
32683,0
20447,0
29646,0
39632,0
26005,0
25945,0
9587,0
12562,0
4367,0
283,0
32119,0
27548,0
26754,0
36860,0
14475,0
28755,0
33431,0
23723,0
28040,0
7466,0
22182,0
35851,0
3827,0
25155,0
19646,1
8787,0
23938,0
1845,0
31271,0
2943,0
18267,0
852,0
8299,0
24788,0
12270,0
18364,0
16229,0
16248,0
28670,0
8040,0
34453,0
37787,0
38604,0
35736,1
32333,0
23997,0
28004,0
2005,0
681,0
38674,1
22994,0
6121,0
34465,0
30170,1
26487,0
30533,0
5371,0
40395,1
1413,0
4622,0
16589,0
685,0
28235,0
16737,0
25130,0
21633,0
15557,0
15516,0
15575,0
9593,0
17756,0
35977,0
23052,0
24040,0
31345,0
5022,0
37633,0
30481,0
40145,1
27013,0
19510,0
1205,0
5907,0
17119,0
6598,0
29290,0
32577,0
9599,0
22662,0
34849,0
9002,0
18735,0
27118,0
17079,0
40924,0
25008,0
222,0
31390,0
14449,0
5712,0
21293,0
19833,0
28313,1
24236,0
17691,0
21450,0
2921,0
9930,0
5749,0
17642,0
31325,0
24361,0
35207,0
588,0
25365,0
33251,0
36607,1
35054,0
1158,0
14214,0
16219,0
26257,0
29337,0
29681,0
33688,0
38082,0
3873,0
13654,0
14395,0
3845,0
18450,0
9644,0
8451,0
5728,0
9573,1
16593,0
20009,0
29424,0
27511,0
31871,1
3167,0
28421,0
12123,0
31166,0
14799,0
17945,0
24877,0
10717,0
14333,0
2757,0
33347,0
25895,0
29179,0
8517,0
21663,0
20168,0
22573,0
3972,0
5849,0
33601,0
23665,0
28351,0
26830,0
7732,0
29522,0
11101,0
20527,0
20216,0
37471,0
32079,0
14476,0
16592,1
19488,0
37669,1
17817,0
36588,0
33627,0
6868,0
15834,0
864,0
31900,0
10253,0
36628,0
167,0
22452,0
906,0
14111,0
7560,0
18182,0
25273,0
28838,0
5457,0
24665,0
3982,0
18147,0
34188,0
9486,0
2186,0
11649,0
16921,0
5752,0
18791,0
12831,0
35626,0
18557,0
20815,0
6152,0
1369,0
23755,0
12045,0
17657,0
3700,0
34546,0
11855,0
13951,0
20952,0
4922,0
12104,0
1747,0
18997,0
28408,0
6218,0
5071,0
10643,0
3011,0
17554,0
11990,0
39220,0
28010,0
20706,1
3008,0
25376,0
19748,0
13203,0
40162,1
39061,1
23939,0
23101,0
27195,0
528,0
21614,0
29952,0
6196,0
13064,0
16946,0
36002,0
4126,0
9596,0
25435,0
17382,0
16865,0
11011,0
29388,0
21000,0
37651,0
40854,0
27668,0
17018,0
15790,0
14064,0
27682,0
25855,0
15690,0
4555,0
1195,0
40255,0
37786,0
14984,0
22277,1
3473,0
31169,0
33482,1
27291,1
28379,0
28554,0
887,0
11185,0
5277,0
24890,0
24144,0
39048,0
6667,0
15293,0
4626,0
36469,0
32817,0
20436,0
15001,0
39218,1
6955,0
13420,0
29476,0
11615,0
29695,0
31753,0
39525,0
36961,1
2633,0
39229,1
37961,1
34138,0
8821,0
11467,0
14849,0
13655,0
37769,0
5817,0
3322,0
16283,0
22950,0
26770,0
9622,0
4075,0
18148,1
39138,1
5367,0
38897,1
32532,0
10653,0
32316,0
16062,0
25367,0
32416,0
5089,0
1012,0
26273,0
24158,0
23818,0
22620,0
28412,0
13078,0
39804,1
1662,0
11264,0
9933,0
13937,0
5314,0
4206,0
39330,1
6340,0
3911,0
12074,0
8623,0
27506,0
13251,0
29425,0
19663,0
30899,0
5771,0
15377,0
16332,0
9082,0
26190,0
29474,0
21228,0
26469,0
1936,0
28632,0
15096,0
29245,0
3876,0
902,0
27353,0
30914,0
11462,0
17458,0
36939,0
34468,0
14785,0
15930,0
11010,0
7183,0
3525,0
20422,0
25829,0
32814,0
32831,1
26978,0
26636,0
36585,1
18995,0
40660,1
20012,0
2203,0
36706,0
17155,0
6058,0
6934,0
10406,0
34085,0
39468,0
26386,0
38919,0
20867,0
16723,0
37676,1
20431,0
19470,0
15525,0
5517,0
25752,0
27536,0
22758,0
27244,0
22031,0
34899,1
2486,0
21852,0
36722,0
28916,0
17815,0
37953,0
22807,0
8685,0
22446,0
35863,0
28809,0
2251,0
12648,0
7341,0
23813,0
17050,0
34514,0
5792,0
25551,0
33900,0
10763,0
4083,0
18512,0
26849,0
10589,0
79,0
4137,0
21254,0
40842,0
9066,0
38520,0
7432,0
7296,0
40144,1
34933,0
35418,0
33497,0
17763,0
5954,0
27738,1
41167,0
1277,0
7790,0
10121,0
165,0
22254,0
29930,0
32449,0
17533,1
9576,0
4129,0
31445,0
14745,0
1695,0
3870,0
16391,0
28820,0
8050,0
7133,0
12575,0
18941,0
15872,0
2915,0
18096,0
7977,0
2127,0
39272,0
31167,0
20639,0
28098,0
24054,1
21997,0
18345,0
22428,0
30713,0
16034,0
6092,0
7284,0
36140,0
29459,0
22656,0
10304,0
16743,0
15088,0
31513,0
18628,1
22649,0
33062,0
68,0
38668,1
40450,1
21055,0
30570,0
39834,1
18583,0
18305,0
20858,0
28466,0
26486,0
379,0
2247,0
27453,0
5744,0
17449,0
13643,0
10999,0
21892,0
32670,0
26610,0
35228,0
37593,0
12136,0
20215,0
9996,0
15769,0
12853,0
28894,0
40587,1
25528,0
11416,0
26731,0
34477,0
5247,0
39669,1
15651,0
14293,0
33321,0
17473,0
3345,0
7374,0
15550,0
3350,0
10423,0
37215,0
26387,0
21215,0
24267,0
7497,0
1739,0
11516,0
32885,0
36645,0
10265,0
25195,0
8337,0
25069,0
26233,0
4256,0
4057,0
2952,0
15142,0
11724,0
40488,1
14807,0
36305,0
29053,1
2962,0
10291,0
35653,0
10691,0
18867,0
11484,0
1667,0
34760,0
35432,0
12454,0
20105,0
17041,0
24779,0
29071,0
9538,0
35297,0
13204,0
32195,0
109,0
12966,0
19853,0
30450,0
27092,0
38601,0
14236,0
344,0
34000,0
7053,1
10509,0
23189,0
34296,0
9787,0
26152,0
17685,0
22945,0
34973,0
39278,0
17996,0
15138,0
18295,0
10925,0
30786,0
38910,0
26657,0
37892,0
15220,0
8817,0
2641,0
30622,0
20564,0
32214,0
11216,0
40335,0
39161,0
7134,0
31969,0
15341,0
13501,0
15823,0
34386,0
12308,0
29140,0
8063,0
32837,0
30590,0
9206,1
16468,0
20795,0
27442,0
32509,0
9738,0
1184,0
31704,0
32318,1
24564,0
27549,0
36262,0
22984,0
36638,0
5571,0
34859,0
4716,0
3657,0
34812,0
15114,0
35474,0
26911,0
14777,0
16997,0
4825,0
38422,0
30387,0
19044,0
21725,0
13906,0
15797,0
33633,0
29507,0
5449,0
2514,0
4115,0
36806,0
28399,0
36550,0
21158,0
36581,0
11107,0
7731,0
11571,0
34022,0
12133,0
422,0
26937,0
6771,0
24091,0
40869,1
3191,0
9570,0
36405,0
31947,0
32029,0
19789,0
16023,0
25586,0
7750,0
2581,0
36616,1
12658,0
31649,0
1334,0
3447,0
16321,0
17769,0
28772,0
5340,0
34302,0
17039,0
38476,0
11751,0
11002,0
39977,1
28112,0
24673,0
27865,0
28431,0
23042,0
4710,0
26680,0
8424,0
13141,0
1871,0
19309,0
17862,0
38965,1
18447,0
19511,0
19106,0
24754,0
21374,0
3179,0
17773,0
36728,0
38359,0
30910,0
40802,0
1120,0
22095,0
40985,0
14717,0
19599,0
18810,0
31265,0
32746,0
9482,0
16929,0
35334,0
35248,1
21937,0
33670,0
26334,0
37894,0
14178,1
25638,0
40709,0
7463,0
24235,0
34914,0
26193,0
39881,1
27033,0
19863,1
29267,0
14199,0
35767,0
31129,0
10846,0
12196,0
944,0
19963,0
38066,0
23285,0
28843,0
20344,0
21909,0
16827,0
29845,0
29982,0
29753,0
11884,0
35262,0
38721,1
19847,0
28225,0
289,0
12624,0
39239,1
3164,0
15072,0
38978,0
27343,0
24605,0
11397,0
9921,0
17569,0
26254,0
18261,0
19726,0
17716,0
11088,0
38297,0
37988,1
37080,0
23059,0
17787,0
34249,0
7539,0
23125,0
38379,0
14270,0
16944,0
25972,0
8090,0
1953,0
24341,0
39021,1
24528,0
29763,0
26099,0
40666,1
1841,0
15218,0
9421,0
25703,0
35217,0
4030,0
17602,0
34328,0
3686,0
5229,0
14852,0
24982,0
36560,0
22480,0
6668,0
33248,0
31075,0
35282,0
22811,0
29434,0
17415,0
11867,0
6143,0
10111,0
33200,0
2202,0
457,0
28371,0
27830,0
34577,0
14324,0
21150,0
668,0
29091,0
10998,0
5093,0
11312,0
1633,0
10193,0
3722,0
19094,0
22536,0
25245,0
28050,0
29585,0
38589,0
30030,1
6919,0
38440,0
7515,0
15906,0
33428,0
12957,0
20979,0
10358,0
1078,1
29640,0
22016,0
3043,0
18458,0
21166,0
30541,0
12603,0
34158,0
33408,0
11080,0
18138,0
13895,0
8543,1
11391,0
35780,0
1420,0
37377,0
17892,0
10992,0
5418,0
36236,1
6507,0
34672,0
8977,0
38926,0
30665,0
18801,0
38759,1
20606,0
29060,0
40088,0
22583,0
37084,0
36608,0
10523,0
25771,0
25883,0
6486,0
29450,0
2160,0
39215,0
18908,0
16744,0
28482,0
26975,0
27920,1
5674,0
4165,0
25538,0
2223,0
3665,0
13857,0
1609,0
29417,0
30818,0
4424,0
33255,0
14299,0
9316,0
25464,0
24716,0
32177,0
39686,1
14847,0
33441,0
17093,0
26498,0
14330,0
4422,0
29042,0
1840,0
18860,0
26639,0
2997,0
34308,0
6289,0
22710,0
7926,0
20783,0
17206,0
5392,0
1255,0
12119,0
13499,0
39187,0
1561,0
10658,0
32084,0
32463,0
28322,1
22194,0
37629,0
18915,0
36544,0
33717,0
8319,0
17568,0
35544,0
21267,0
35009,1
15152,0
12001,0
306,0
2052,0
18821,0
14546,0
33728,0
14148,0
23731,0
32800,0
5069,0
23281,0
20560,0
20075,0
8370,0
12710,0
22777,0
27795,0
6377,0
2258,0
28512,0
27517,0
2635,0
5610,0
14961,0
4027,0
4940,0
20694,0
12092,0
4233,0
27253,0
5875,0
35437,0
38524,0
7299,0
2503,0
21613,0
33262,0
11236,0
25311,0
3215,0
33950,0
33527,0
29440,0
38592,1
31138,0
10213,0
27747,0
14036,0
20763,0
949,0
11749,0
34137,1
14043,0
3856,0
12263,0
28574,0
19347,0
5114,0
6712,0
2293,0
7002,0
29275,0
37890,0
25099,0
26170,0
19321,0
2913,0
39788,1
400,0
5573,0
9988,0
25193,0
37442,0
9924,0
25615,0
29070,0
36852,0
14890,0
13555,0
38206,1
15820,0
38179,1
38170,1
37045,0
19093,0
34149,0
31678,0
7275,0
39303,1
13494,0
29853,0
38786,0
40809,1
14998,0
38726,0
40824,1
29246,0
27260,0
30423,1
39608,1
27389,0
20570,0
24188,0
5341,0
9746,0
26412,0
22822,0
23137,0
10214,0
27477,0
30952,0
6167,0
29639,0
159,0
17614,0
13764,0
3258,0
11121,0
35396,0
27740,0
39906,1
18432,0
322,0
34753,0
19395,0
5781,0
7657,0
17484,0
33923,0
1163,0
10770,0
3212,0
29289,0
19640,0
31539,0
16807,0
24382,0
33876,0
8700,0
36393,0
37383,1
8237,0
27692,0
8226,0
11958,0
20095,0
31853,0
38723,1
36136,0
7333,0
30360,1
17438,0
22878,0
38611,0
40426,0
11590,0
6748,0
24490,0
29368,0
32289,1
40061,1
40115,1
9178,0
25692,0
10425,0
4688,0
28309,0
33589,0
28159,0
35239,0
13788,0
40059,0
36692,1
14107,0
9819,0
6660,0
27866,1
21709,0
1999,0
9597,0
3533,0
31715,0
11306,0
36838,0
22635,0
5436,0
6674,0
24504,0
28972,0
28490,1
37356,0
37339,0
7067,0
8992,0
19980,1
9687,0
20999,0
5150,0
24843,0
15350,0
30796,0
9306,0
29426,0
11629,0
23256,0
25572,0
12307,0
39547,0
20514,0
9428,0
13679,0
39043,0
36817,0
16642,0
33032,0
31080,0
36061,0
33701,0
22708,0
29404,0
8855,0
22766,0
1114,0
10082,0
12926,0
20496,0
40937,0
2964,0
22508,0
24901,0
2168,0
37870,0
31200,0
33261,0
27623,0
26845,0
4172,0
11171,0
4280,0
39586,1
5354,0
13853,0
34736,1
2760,0
36319,0
5767,0
18758,0
14951,0
22173,0
22702,0
40073,1
21124,0
9454,0
33888,0
39095,0
8260,0
35526,0
23457,0
18861,0
3833,0
6302,0
21471,0
24918,0
6746,0
24057,1
39311,0
35756,0
35373,0
6846,0
25735,0
9326,0
23093,0
32722,0
38345,0
27891,1
24905,0
21542,1
11948,0
16831,0
9757,0
25161,0
20864,0
37491,0
10430,0
33090,0
3023,0
2095,0
39898,1
32672,0
10854,0
26555,0
3942,0
22871,0
34075,0
15465,0
14052,0
20065,0
28230,0
21040,0
15090,0
17859,0
7078,0
22851,0
25768,0
31786,0
39574,0
26357,1
28135,0
39636,1
26748,0
9457,0
29166,0
39408,1
12391,0
6645,0
31087,0
19693,0
32523,0
5824,0
37267,0
36438,0
13578,0
32190,0
12948,0
8804,0
14980,0
12242,0
27852,1
28356,0
25707,0
34320,0
39781,0
5259,0
11931,0
31490,0
12834,0
17745,0
14388,0
18271,0
2245,0
23280,0
7202,1
1201,0
3384,0
25328,0
24476,0
21477,0
29144,0
22706,1
10505,0
2669,0
36708,0
8822,0
30146,0
40650,0
28729,0
20686,0
19491,0
18987,0
32541,0
22996,0
29773,0
38125,1
31052,0
3201,0
23112,0
9798,0
1194,0
4790,0
39360,0
10350,0
35840,0
16290,0
37510,0
15957,0
27103,0
21950,0
18459,0
11079,0
6830,0
22624,0
32430,0
33758,0
29874,0
30212,0
18102,0
30330,0
15748,0
3820,0
29676,0
5481,0
1154,0
6610,0
25290,0
235,0
15824,0
26625,0
38657,0
22069,0
10591,0
36016,0
24739,0
23991,0
34418,0
5950,0
27954,1
35220,0
13879,0
37010,0
24642,0
19181,0
34612,0
31868,0
37805,0
4228,0
16355,0
2165,0
34492,0
10753,0
20944,0
28699,0
21434,0
35651,0
25737,0
19419,0
14812,0
27797,0
16779,0
31745,0
31889,0
4496,0
11201,0
27166,0
26717,0
1863,0
35071,0
1404,0
36221,0
11890,0
5066,0
5415,0
36856,0
35350,0
31782,0
36361,0
15444,0
27094,0
27749,1
28994,0
34371,0
4699,0
26342,0
21485,0
39779,0
24064,0
33522,0
14103,0
22492,0
185,0
40515,1
18771,0
16778,0
1774,0
1645,0
36464,1
35393,0
18525,0
34828,1
37065,0
37457,0
16511,0
30186,1
33304,0
6263,0
34646,0
23840,0
6076,0
29790,0
20881,0
37926,1
30676,0
32193,0
27981,0
8663,0
25262,0
21188,0
13580,0
24713,0
32842,0
37154,0
35104,0
27410,0
8026,0
28937,0
32646,0
1574,0
7941,0
6845,0
27036,0
9033,0
25979,0
35919,0
24432,0
28400,0
16815,0
10857,0
13669,0
4348,0
21179,0
18857,0
19570,0
17270,0
23200,0
20294,0
15890,0
13127,0
19656,0
9392,0
26224,0
24221,0
31161,0
21955,0
28720,0
30149,1
2226,0
1803,0
5710,0
1745,0
22307,0
38094,0
22242,0
29878,0
18581,0
1003,0
21223,0
17775,0
5239,0
24239,0
18223,0
13766,0
18264,0
24735,0
20505,0
27609,0
36508,0
24489,0
20828,0
5856,0
24273,0
6193,0
27139,0
23464,0
1293,0
14252,0
34659,0
36193,0
3522,0
15019,0
29145,0
37882,0
14584,0
36529,0
37730,1
32526,0
32829,0
41179,1
34406,0
470,1
38636,0
1389,0
12221,0
9254,0
29048,0
1462,0
28176,0
37482,0
32293,0
26906,0
4222,0
9018,0
36283,0
39134,1
6952,0
16626,0
21478,0
21403,0
20074,0
18665,0
40807,0
18105,0
24371,0
24842,0
18080,0
17210,0
17138,0
28331,1
30970,0
12676,0
3858,0
26530,0
19836,0
20086,0
18976,0
37003,0
19133,0
22802,0
21133,0
4272,0
4723,0
31930,0
21121,0
37640,0
37513,0
9420,0
5614,0
6108,0
22224,0
13476,0
31244,0
35661,0
30998,0
16809,0
13924,0
25699,0
17101,1
36641,0
10107,0
19455,0
15565,0
37006,0
34437,0
40972,0
14867,0
31351,0
18104,0
23177,0
1763,0
36642,1
24914,0
37275,1
24758,0
39341,0
24844,0
20920,0
9414,0
20901,0
23347,0
2140,0
3189,0
36118,0
26823,0
39499,1
33564,0
36277,0
20587,0
18572,0
24819,0
22319,0
27892,1
7298,1
1904,0
1192,0
24454,0
11520,0
12387,0
36018,0
18874,0
20933,0
14498,0
25541,0
17,0
31660,0
1957,0
32802,0
22849,0
11377,0
16144,0
14307,0
15042,0
26504,0
28147,0
9417,0
33028,0
4701,0
1682,0
20862,0
20907,0
25943,0
24116,0
8539,0
8823,0
38425,0
5346,0
26077,0
3198,0
21714,0
32691,0
6464,0
1800,0
19536,0
23448,0
17587,0
7409,0
9470,0
19168,0
15839,0
11060,0
6624,0
35881,0
7046,0
5765,0
20701,0
17172,0
15054,0
16351,0
7290,0
8278,0
3083,0
21688,0
33948,0
14937,0
15306,0
17637,0
13562,0
9010,0
11218,0
3864,0
24625,0
11303,0
9508,0
8256,0
21459,0
18062,0
17617,0
4132,0
14416,0
27463,0
7061,0
6341,0
7045,0
19913,0
431,0
9640,0
30135,1
10951,0
39868,1
28967,0
29164,0
16598,0
2879,0
29035,0
1891,0
7366,0
28141,0
19869,0
25700,0
18039,0
30552,0
21440,0
784,0
11119,0
14994,0
38722,1
9821,0
10825,0
8375,0
25511,0
38189,0
17283,0
17848,0
8721,0
18763,0
31427,0
18524,0
17707,0
19497,0
11140,0
29782,0
33294,0
39909,0
34918,0
32054,0
28157,0
24225,0
10651,0
38906,1
19779,0
2737,0
31391,0
34550,0
2736,0
32388,0
10912,0
2216,0
2109,0
29569,0
38957,0
12421,0
14723,1
21689,0
3529,0
26846,0
38936,1
21010,0
1309,0
1950,0
38175,0
30555,0
28477,0
10744,0
10158,1
13394,0
24532,0
26043,0
14029,0
21198,0
36444,0
38591,1
5713,0
10338,0
9233,0
15694,0
6549,0
5823,0
21077,0
28600,0
27481,0
5591,0
13345,0
3158,0
17298,0
5097,0
33928,0
21132,0
30656,0
7527,0
19823,0
21157,0
16055,0
951,0
35556,0
24514,0
4197,0
25053,0
12875,0
20476,0
27124,0
23521,0
36951,1
39605,0
7523,0
27198,0
19508,0
20145,0
23003,0
4629,0
1767,0
13481,0
17874,0
21556,0
33878,0
1068,0
23770,1
4739,0
35051,0
7615,0
3976,0
17788,0
8035,0
25132,0
30885,0
24353,0
26369,0
13490,0
25640,0
3684,0
37701,0
36110,0
18910,0
21584,0
39818,0
14312,1
30241,0
36696,0
8896,0
36981,0
6151,0
14635,0
8264,0
10592,0
17879,0
39680,0
5834,0
13783,0
24373,0
5120,0
30871,0
24347,0
23718,0
17799,0
28947,0
4561,0
31384,0
942,0
3462,0
29934,0
30142,1
9148,0
17873,0
21182,0
30843,0
29747,0
31225,0
40984,0
12132,0
32187,0
21964,0
30994,1
41162,1
27168,0
34911,0
14283,0
33106,0
38532,0
8858,0
3932,0
24940,0
15693,0
34396,0
20939,0
4390,0
31428,0
17867,0
35606,0
28919,0
1231,0
36166,0
22435,0
7818,0
26091,0
39714,0
31275,0
151,0
21778,0
19077,0
40044,1
23907,0
10711,0
7762,0
9843,0
41089,1
24295,0
9662,0
27041,0
26084,0
30865,0
13101,0
8057,0
8990,0
29147,0
29921,0
29743,0
16330,0
14736,0
11444,0
37714,1
32527,0
15236,0
10901,0
36098,0
12918,0
8652,0
26784,0
15912,0
18202,0
4662,0
8232,0
39740,1
19603,0
23074,0
17674,0
38423,0
4685,0
4734,0
23523,0
13243,0
18682,0
20138,0
4408,0
30723,0
10161,1
18425,0
37430,0
2911,0
21601,0
1021,0
14933,0
2728,0
15078,0
28855,0
25811,0
19746,0
35392,0
32528,0
30909,0
9516,0
39490,1
21558,0
30327,1
11086,0
11360,0
880,0
37838,1
21979,0
21834,0
13156,0
25637,0
40607,1
27146,0
7806,0
3803,0
4372,0
20503,0
5076,0
40553,1
29545,0
35875,0
8295,0
21553,0
14387,0
37739,1
3310,0
25736,0
7244,0
14227,0
39181,1
20753,0
21389,0
17742,0
12167,0
18594,0
3453,0
41169,0
18979,0
16220,0
12297,0
29131,0
16494,0
31447,0
36689,0
15781,0
3481,0
41063,0
29882,0
39895,0
3469,0
5113,0
31785,0
25091,0
3391,0
16569,0
34750,0
38186,0
31195,0
2380,0
11235,0
18466,0
8913,0
33013,0
32417,0
18899,0
23599,0
8919,0
11598,0
30210,0
33978,0
40511,1
6930,0
29911,0
16810,0
31095,0
19837,0
7932,0
21367,0
40379,0
25255,0
276,0
19787,0
14110,0
39083,1
39108,1
12097,0
7937,0
34557,0
18502,0
8962,0
13805,0
19582,0
8591,0
2034,0
35004,0
2481,0
22571,0
26312,0
38084,0
22441,0
3688,0
2551,0
28983,0
29006,0
14888,0
18072,0
13052,0
193,0
13530,0
6416,0
9340,0
40636,1
16376,0
36894,0
31801,0
28101,0
28962,0
5754,0
34196,0
4086,0
15827,0
15479,0
8928,0
25347,0
25293,0
30784,0
2607,0
26283,0
12819,0
1918,0
37378,0
37414,0
25141,0
6942,0
279,0
35213,0
28111,0
15215,0
5774,0
16403,0
34651,0
41047,1
28292,0
18484,0
2178,0
33386,0
28744,0
25202,0
1138,0
35674,0
11026,0
25963,0
23251,0
8616,0
19362,0
31077,0
4096,0
20253,0
12723,0
4358,0
680,0
29506,0
10230,0
31923,1
29841,0
37436,0
23082,0
7729,0
19324,1
9384,0
31941,0
18907,0
37464,1
24212,1
25154,0
31951,0
39736,1
1035,0
30508,0
23085,0
7857,0
16383,0
30659,0
25666,0
18197,0
27925,0
37618,0
24296,0
33458,0
36311,0
8393,0
20951,0
1109,0
23644,0
34455,0
29161,0
25064,0
39727,1
31257,0
30099,0
29472,0
22443,0
22850,0
38680,1
10886,0
23728,0
10816,0
3902,0
8099,0
3247,0
412,0
27760,1
26645,0
32061,0
26015,0
3887,0
41159,1
36079,0
39656,1
30923,0
5391,0
16677,0
20192,0
26100,0
26466,0
2611,0
18784,0
16669,0
31449,0
30394,1
4153,0
31656,0
6753,0
19445,0
10917,0
27712,1
20571,0
11681,0
17351,0
35707,0
12741,0
14251,0
9467,0
36376,0
14381,0
33812,0
38894,1
15250,0
40623,0
38890,1
37976,1
7068,0
6644,0
11052,0
4483,0
26506,0
39434,0
12227,0
31849,0
26550,0
12212,0
2902,0
500,0
32275,0
27815,1
34639,0
15348,0
35274,0
1147,0
25470,0
25455,0
6012,0
17414,0
25588,0
29513,0
21371,0
12057,0
27220,0
8296,0
27621,0
39548,1
14563,0
39927,0
33280,0
37329,1
17017,0
16539,0
21670,0
2096,0
29196,0
11982,0
7688,0
21481,0
30920,0
20981,0
40968,0
26565,0
34243,0
24767,0
3862,0
5858,0
10179,0
24223,0
11486,0
14720,0
7266,0
22986,0
5647,0
14763,0
38043,0
38812,1
29286,0
23034,0
6992,0
162,0
14478,0
2454,0
13437,0
6321,1
26133,0
40638,0
31979,0
2013,0
9330,0
8965,0
22979,0
30783,0
33132,0
20101,0
21635,0
1286,0
22330,0
39042,1
15731,0
24505,0
17864,0
35936,0
32618,0
7848,0
39273,1
39362,0
35862,0
10900,0
26962,0
38207,0
180,0
7987,0
29205,0
84,0
15145,0
14611,0
12965,0
2297,0
8615,0
1008,0
11825,0
25055,0
2077,0
9171,0
6769,0
12670,0
9496,0
26082,0
1570,0
16721,0
14018,0
19052,0
12854,0
21123,0
33562,0
17760,0
22908,0
12407,0
2791,0
1592,0
5124,0
40132,1
29818,0
37385,1
22100,0
20363,0
2029,0
11796,0
11654,0
21457,0
18160,0
16342,1
4082,0
19741,0
33419,0
40223,0
10536,0
38517,0
34594,0
13797,0
8289,0
6907,0
14898,0
12599,0
26793,0
19171,0
25944,0
22363,0
4168,0
6556,0
30098,0
13508,0
2272,0
27965,0
27676,0
35135,0
21605,0
27211,0
14596,0
14619,0
17207,0
27524,0
32791,1
12784,0
11178,0
16045,0
3285,0
24427,0
3743,0
2899,0
5663,0
8165,0
7459,0
16000,0
23352,0
8021,0
27145,0
34300,0
15148,0
5281,0
13971,0
26803,0
10422,0
36577,1
14844,0
318,0
41103,0
19033,0
32203,0
25267,0
28928,0
21734,0
33364,0
25497,0
4757,0
34952,0
7484,0
35973,0
16440,0
21343,0
29410,0
2811,0
554,0
15342,0
35269,0
26930,0
5921,0
40474,1
31295,0
32287,0
5041,0
4935,0
25054,0
9305,0
15910,0
32431,0
5634,0
38153,0
20744,0
8199,0
14693,0
1100,0
20591,0
32751,0
22826,0
29608,0
37210,0
2030,0
8279,0
21720,0
19252,0
10414,0
3923,0
23851,0
11984,0
9848,0
36408,0
14038,0
6063,0
32770,0
40536,0
7467,0
6663,0
2441,0
31596,0
38484,0
21475,0
35708,0
13667,0
28573,1
35528,0
14212,0
11222,0
9120,0
3132,0
35233,0
18538,0
24675,0
12941,0
25483,0
15534,0
21465,0
20556,0
30631,0
20841,0
21932,1
29851,0
8478,0
9661,0
21033,0
4805,0
28007,0
34102,0
37770,1
38734,0
27355,0
33402,0
2307,0
11267,0
2417,0
7556,0
20984,0
40429,0
36841,0
6671,0
5264,0
12778,0
20398,0
27926,1
27202,0
8049,0
23901,0
38922,0
8905,0
1410,0
11359,0
25129,0
25023,0
33047,0
17425,0
20588,0
11556,0
12749,0
34540,0
31054,0
17901,0
8307,0
9271,0
1734,0
34092,0
14505,0
9961,0
13775,0
41033,1
3168,0
10776,0
23163,0
29731,0
1827,0
35990,0
32510,0
10128,0
18005,0
37088,0
9534,0
17328,0
28500,1
32641,0
583,0
5971,0
9977,0
39545,0
33439,1
16803,0
6838,0
3588,0
20996,1
3241,0
13005,0
19409,0
4963,0
22685,0
28032,0
18755,0
3851,0
34215,0
8730,0
9405,0
633,0
33290,0
28700,0
22767,0
35762,0
29931,0
734,0
33086,0
31817,0
28114,0
14691,0
30883,0
2983,0
15779,0
28191,0
32016,0
11949,0
25924,0
11329,0
27993,0
33010,0
25517,0
16770,0
37822,1
41139,0
17144,0
22820,0
29177,0
3614,0
40781,1
17712,0
2674,0
26714,0
6710,0
11942,0
19711,0
36548,0
961,0
15695,0
31318,0
1963,0
3895,0
9101,0
36270,0
17253,0
35490,0
39502,1
29983,0
24444,0
4298,0
5054,0
5608,0
28521,1
14826,0
20609,0
25065,0
37893,0
8856,0
12352,0
37465,0
3544,0
35162,0
24858,0
29831,0
1674,0
17955,0
40278,0
19283,0
6958,0
7728,0
39391,0
7140,0
32896,0
6636,0
29634,0
4603,0
18476,0
36510,1
30062,0
36663,0
5043,0
6354,0
40441,1
6112,0
36842,0
23201,0
28645,0
12038,0
5613,0
38992,1
14109,0
31443,0
18630,0
3754,0
30019,1
41004,0
26591,0
4690,0
33581,0
37546,0
28651,0
14233,0
26168,0
4117,0
3389,0
12935,0
21439,0
5596,0
21137,0
18183,0
3229,0
13321,0
38521,0
37634,1
11703,0
33911,0
2846,0
8599,0
12663,0
802,0
3742,0
23492,0
34764,0
24750,0
10539,0
2529,0
16141,0
33426,0
2059,0
16491,0
7907,0
28815,0
4394,0
17113,0
37410,0
12730,0
14946,0
36040,0
6634,0
11513,0
12987,0
15225,0
22909,0
36702,0
16673,0
33913,0
7103,0
6535,0
33465,0
19794,0
22787,0
36861,0
39913,1
40803,0
4872,0
31079,0
29319,0
20113,0
511,0
5960,0
2,0
28151,0
18074,0
9751,0
22497,0
32065,0
40837,1
19974,0
27422,0
36424,0
30884,0
33211,0
23873,0
1220,0
9411,0
39450,1
20607,0
18249,0
21671,0
7454,0
1142,0
30461,0
24307,0
37638,1
19414,0
30007,0
4262,0
12209,0
17269,0
14117,0
9835,0
19141,0
37559,0
6031,0
26736,0
33706,0
32660,0
4904,0
17304,0
20178,0
3218,0
24035,0
1925,0
21855,0
19535,0
7653,1
23662,0
27056,0
1917,0
20207,0
28443,1
40573,0
8563,0
31700,0
18608,0
12717,0
5622,0
12483,0
16571,0
13717,0
28068,0
37113,0
36697,1
17178,0
5598,0
19152,0
24462,0
21363,0
40713,0
24241,0
31073,0
35795,0
40435,1
40188,0
14329,0
19401,1
295,0
9502,0
9606,0
30660,0
22345,0
40562,0
26503,0
36703,1
19944,0
38364,1
12099,0
24814,0
9081,0
31273,0
2042,0
10632,0
20159,0
20379,0
23262,0
39645,1
22891,0
17898,0
37763,0
31118,0
30361,0
11410,0
9494,0
26706,0
34507,0
12556,0
1009,0
12633,0
9253,0
23872,0
16087,0
16218,0
37564,0
18024,0
13561,0
27723,1
12811,0
5751,0
17329,0
24911,0
10725,0
3772,0
23828,0
24531,0
6956,0
17726,0
20774,1
17645,0
12955,0
33228,0
35516,0
35932,1
16178,0
38748,0
15933,0
27256,0
25553,0
31822,0
61,0
19929,0
9049,0
14407,0
14936,0
890,0
8344,0
18887,0
18042,0
16981,0
536,0
10226,0
13202,0
29954,0
3160,0
23972,0
34827,0
10299,0
27987,0
4901,0
19924,0
24511,0
16106,0
27361,0
24734,0
2428,0
32353,0
21685,0
19380,0
33153,1
30288,0
20419,0
29235,0
1970,0
18691,0
5844,0
7450,0
210,0
26640,0
12636,0
40977,1
37530,1
13742,0
8797,0
13855,0
18627,0
7726,0
2550,0
20650,0
38347,0
30411,0
35107,0
16022,0
36545,0
34431,0
16989,0
2279,0
24860,0
256,0
25649,0
1027,0
38545,0
38284,0
21837,1
7446,0
19118,0
2143,0
8979,0
11159,0
9036,0
6823,0
25117,0
29370,0
38149,0
3361,0
18846,0
32975,0
20206,0
19312,0
38774,0
13312,0
39001,1
9750,0
10436,0
13922,0
14345,0
18717,0
35182,0
36875,0
31049,0
6206,0
32743,0
40248,1
6336,0
32933,0
38533,0
9398,0
18109,0
2941,0
35143,0
20124,0
37665,0
10891,0
22900,0
29636,0
34064,0
34063,0
11111,0
23941,0
6673,0
33279,0
35934,0
38481,1
14026,0
33008,0
22885,0
23911,0
31245,0
13728,0
6555,0
3748,0
24348,0
17374,0
14084,0
1191,0
31873,0
36483,0
14506,0
24460,0
31855,0
37155,1
21395,0
245,0
26686,0
8534,0
12111,0
23284,0
24480,0
26941,0
37299,0
30792,0
21619,0
36227,0
23776,0
23088,0
11328,0
21987,0
21327,0
21149,0
14025,0
19634,0
9529,0
9666,0
24067,0
5475,0
36406,0
6310,0
26093,0
36845,0
19819,0
6839,0
677,0
14053,0
26808,0
22250,0
31043,0
770,0
5665,0
28350,0
11135,0
2078,0
3478,0
15691,0
27454,0
26067,0
22556,0
15860,0
25191,0
29524,0
31796,0
31362,0
39129,0
21986,0
27937,1
24794,0
943,0
18060,0
33929,0
9783,0
30217,0
34054,0
15881,0
20681,0
33518,0
29805,0
17285,0
23031,0
23315,0
18548,0
40633,0
33118,0
25140,0
15318,0
33177,0
23794,0
25236,0
40476,1
22204,0
33445,0
25108,0
20622,1
6332,0
29768,0
3446,0
2031,0
6265,0
27483,0
8610,0
29705,0
16628,0
24701,1
33093,0
39587,1
26950,0
30233,0
15130,0
17749,0
17525,1
31675,0
29211,0
233,0
1664,0
18856,0
2955,0
33360,1
34999,0
39862,1
3921,0
33396,0
